호선,역번호,역명,1월,2월,3월,4월,5월,6월,7월,8월,9월,10월,11월,12월
1호선,150,서울역(1),1743865,1562398,1775452,1782515,1822907,1688385,1741978,1734927,1641596,1837980,1791791,1825061
1호선,151,시청(1),782060,640734,791551,815888,824692,754209,782444,788006,725843,914453,835386,867885
1호선,152,종각,1406723,1169723,1363922,1349279,1384409,1251023,1375099,1333026,1197762,1423904,1338360,1471748
1호선,153,종로3가(1),1098796,935466,1085127,1053355,1115802,1024958,1072728,1019735,952731,1104427,1029071,1096451
1호선,154,종로5가,850612,725584,864901,849988,872246,788147,806410,784547,745353,876801,835194,870831
1호선,155,동대문(1),445149,405699,485492,473944,492920,456262,447576,430342,437553,475074,449466,472333
1호선,156,신설동(1),490338,418572,515402,510521,521571,479401,499833,469055,461163,516421,497775,501872
1호선,157,제기동,670993,522887,640594,645655,654171,613337,616788,604139,600628,656722,616804,619263
1호선,158,청량리,818464,698002,831547,800161,819413,757575,752762,745398,740251,799071,766183,776701
1호선,159,동묘앞(1),324614,312833,373057,352238,379263,344322,312986,313463,321164,366327,337844,332773
2호선,201,시청(2),770682,631024,777036,818603,810947,750949,820939,783030,712435,850909,810197,828051
2호선,202,을지로입구,1539251,1290447,1561144,1567385,1584638,1488561,1587863,1558839,1451922,1636410,1587222,1687041
2호선,203,을지로3가(2),703150,575592,698998,712752,730446,680760,739447,700984,654460,752511,727745,740634
2호선,204,을지로4가(2),379456,310225,378333,374437,389267,365989,392355,379057,353804,426738,411107,419394
2호선,205,동대문역사문화공원(2),554950,499173,630458,604373,655672,591136,597194,600900,538149,637095,599651,623684
2호선,206,신당(2),458567,392792,481921,476582,486799,451047,467988,442664,433866,483015,467761,476633
2호선,207,상왕십리,442889,370978,454201,456933,469464,434124,458914,431698,420025,463233,456656,461379
2호선,208,왕십리(2),591696,508432,653760,632301,667878,599644,610128,577824,577617,630651,634671,632952
2호선,209,한양대,251026,196814,405651,421579,418920,343348,275897,236070,366319,400599,414362,341150
2호선,210,뚝섬,541752,454130,562040,593167,632372,570627,605724,573180,548290,631087,615718,599750
2호선,211,성수,884980,730821,887593,919072,917583,843305,926469,851739,810911,922827,914692,928745
2호선,212,건대입구(2),1338898,1184206,1432861,1384793,1488476,1328426,1356665,1310071,1246869,1375427,1363811,1403707
2호선,213,구의,754462,636515,764033,769023,783879,720775,765052,722324,693629,768447,756257,771056
2호선,214,강변,1381482,1272461,1423609,1390115,1475297,1349900,1384294,1382148,1297679,1422780,1390895,1402937
2호선,215,잠실나루,515661,426406,493323,530574,536153,479297,511421,468123,451236,510433,493414,496602
2호선,216,잠실(2),2631892,2360985,2606470,2843651,2778878,2503373,2689749,2665080,2367249,2786579,2662799,2850107
2호선,217,잠실새내,770963,652234,785780,786262,818737,738755,781339,740379,692856,778648,755591,780519
2호선,218,종합운동장(2),303548,251553,430053,430166,531505,443864,441417,438318,382913,578727,316720,334390
2호선,219,삼성,1841841,1506688,1801942,1840934,1919317,1716477,2007169,1839067,1590463,1839664,1891289,2070784
2호선,220,선릉,1748632,1382142,1650993,1706940,1700297,1573741,1779750,1628723,1496129,1689724,1694671,1715076
2호선,221,역삼,1555262,1224611,1451275,1483998,1446465,1335824,1553507,1421825,1302840,1458066,1458256,1486432
2호선,222,강남,3345577,2742288,3091190,3006328,3092811,2903682,3373235,3146058,2695243,2999912,2972544,3130135
2호선,223,교대(2),1118951,911441,1129588,1144097,1151372,1059132,1160235,1075330,1044000,1203951,1118592,1121598
2호선,224,서초,698293,573775,724414,726712,727352,689549,724557,678739,712351,838412,742599,746570
2호선,225,방배,568924,472899,669259,677979,668960,585565,555712,538169,582054,650820,639098,614751
2호선,226,사당(2),1344935,1132087,1397523,1386395,1418602,1334584,1368807,1292668,1249402,1407299,1379598,1449825
2호선,227,낙성대,916699,773525,958980,952087,979440,897705,936056,890905,865598,958575,937543,941559
2호선,228,서울대입구,1642694,1381037,1717683,1687167,1737798,1582489,1677060,1584105,1523666,1674478,1651044,1650749
2호선,229,봉천,764615,642433,782329,788192,800215,758893,799927,763794,731450,808883,788240,800536
2호선,230,신림,2183181,1870094,2227615,2211123,2268565,2110152,2203703,2113554,1997307,2205029,2153101,2210408
2호선,231,신대방,879000,755660,907261,921224,943085,877375,911653,865452,841544,931401,898580,905309
2호선,232,구로디지털단지,1976838,1652037,1962454,1988523,2009639,1856343,2008715,1873340,1772349,1974889,1945602,1978447
2호선,233,대림(2),887881,768698,932369,933468,955493,895547,916157,859059,846798,934018,897965,909322
2호선,234,신도림,1826235,1544783,1872305,1847360,1890444,1764765,1817877,1744966,1691121,1886140,1837492,1883726
2호선,235,문래,622451,516269,617279,629175,631141,585607,641277,593822,566830,648361,638929,642992
2호선,236,영등포구청(2),681839,565651,686548,700213,703365,643880,698552,647712,627492,705690,700432,698430
2호선,237,당산,665599,561317,699969,726235,737307,675729,705179,663432,646827,700285,664287,648818
2호선,238,합정(2),1040622,886426,1053366,1041225,1080851,1010526,1060843,1034482,961472,1094182,1069918,1097413
2호선,239,홍대입구,2471368,2240204,2592296,2412089,2605938,2392314,2471284,2507373,2233486,2538633,2423259,2652305
2호선,240,신촌,1443129,1243702,1567844,1458918,1547948,1386547,1464127,1386199,1348651,1486454,1481645,1504379
2호선,241,이대,535492,464838,710504,672973,691390,584484,566751,548932,592754,660148,649535,591731
2호선,242,아현,317459,269704,348858,352461,362844,329011,337663,322227,319454,352680,344469,339337
2호선,243,충정로(2),337662,281293,343425,349683,349911,324404,342723,325507,315335,351482,346549,338968
2호선,244,용답,84623,70893,95914,93727,96792,88143,88802,82071,87824,93785,92123,90792
2호선,245,신답,50416,42169,51800,52607,53962,50162,52222,48143,47771,53022,51813,51646
2호선,246,신설동(2),143412,124861,153005,140912,142628,134386,134333,128426,119325,133442,132794,134182
2호선,247,도림천,35978,30257,38642,40181,37757,34732,40090,36784,35627,38862,38574,37417
2호선,248,양천구청,213310,183937,228349,236511,241306,219355,225701,209086,214530,239461,235348,232421
2호선,249,신정네거리,295178,256234,313207,323243,333167,303509,315935,297544,291949,324573,313690,316713
2호선,250,용두,75911,63594,77048,75689,77165,73057,76964,73981,71926,78570,76703,77847
3호선,309,지축,34672,30149,38643,41552,44375,41242,42119,38126,40656,49252,46199,53499
3호선,310,구파발,622763,540015,658003,689435,728056,668937,704209,683332,655265,736973,714868,721916
3호선,311,연신내(3),1283258,1108398,1330134,1326187,1374439,1268889,1316238,1261778,1211102,1338282,1294255,1328172
3호선,312,불광(3),574941,498682,607587,602253,619243,570421,590026,562636,545421,601138,581407,578228
3호선,313,녹번,409695,353308,444742,451345,468893,427433,443425,418700,410421,460097,451875,451135
3호선,314,홍제,580317,500647,632232,635986,652986,587779,592873,563495,567415,631747,611240,603960
3호선,315,무악재,121412,104830,129300,132379,134561,124088,131258,123779,120629,134029,130267,130799
3호선,316,독립문,240678,218157,298436,280189,297309,261942,261769,272796,261362,294093,269340,263186
3호선,317,경복궁,727530,617401,790767,833723,884867,748974,739237,733714,769102,1023668,890274,814989
3호선,318,안국,699233,606154,774006,814201,824422,721459,749961,740566,721662,888722,842874,801553
3호선,319,종로3가(3),354697,298376,344919,347733,353719,325227,349696,332571,305356,349020,335702,347036
3호선,320,을지로3가(3),332828,272293,336046,341239,349128,321364,353454,335072,312086,365152,351553,360979
3호선,322,동대입구,311452,261131,384812,418713,414388,346419,320767,307123,369202,400439,425267,369098
3호선,323,약수(3),442136,377189,458563,460518,470268,431986,453443,428010,413140,460227,448272,453219
3호선,324,금호,267597,229626,275143,278527,285192,262407,274464,259436,254508,279765,271475,275088
3호선,325,옥수,304022,261955,316822,320086,332380,307872,318059,303773,293968,328869,316310,314512
3호선,326,압구정,1053281,877230,1039309,1029884,1040844,992813,1068331,1003201,949487,1069291,1048499,1098557
3호선,327,신사,1048690,883553,1022327,1004214,1049303,974225,1050507,1006536,908715,1024276,1016008,1063977
3호선,328,잠원,193976,164080,201544,208415,216421,196297,205441,190401,188304,216730,209012,208674
3호선,329,고속터미널(3),1868811,1755266,1932968,1818701,1991294,1834931,1878496,1962297,1790441,1900732,1891149,2004409
3호선,330,교대(3),451444,366415,466629,475597,475133,434276,473062,433277,441378,531340,465369,461205
3호선,331,남부터미널,1095462,960710,1117309,1071431,1097310,1012367,1067760,1051050,1000482,1079920,1075996,1078907
3호선,332,양재,1255565,1024737,1271441,1301927,1287254,1175715,1242834,1158272,1132379,1296264,1297789,1291608
3호선,333,매봉,354963,288435,351853,368721,363643,334381,363665,332594,322463,362768,359011,363210
3호선,334,도곡,176093,144561,181139,191098,188652,169600,177340,161728,163697,188161,188382,187398
3호선,335,대치,394196,334547,398294,383063,403653,370629,405895,397789,375203,407391,396685,368698
3호선,336,학여울,78412,61986,95428,103388,94634,80781,85153,81577,73884,73557,96468,104732
3호선,337,대청,300273,256710,322654,331117,332824,306348,332081,305522,300377,327495,333697,335149
3호선,338,일원,296159,245388,303768,318240,321954,293543,316274,293079,288850,321284,322893,319037
3호선,339,수서,571557,487944,586843,591594,602624,559379,582610,558290,549030,605408,608723,608348
3호선,340,가락시장(3),314875,259687,311281,317574,318676,294207,307839,290252,282756,315743,314136,325483
3호선,341,경찰병원,244590,200443,240081,242882,244871,225736,242659,230895,221410,245466,241969,245035
3호선,342,오금(3),209122,173453,213059,216430,216353,198341,209300,198186,197032,217407,212380,211355
4호선,409,당고개,393449,345278,423125,425216,446526,410478,422067,405348,398028,440723,423386,427654
4호선,410,상계,639608,550458,672868,674243,692965,633311,656883,619383,611701,669863,653824,655295
4호선,411,노원(4),679368,600497,702191,691614,732396,668886,694528,662448,639645,704674,687299,714840
4호선,412,창동,886306,762711,915859,921853,961496,883779,911191,868635,855517,931810,906973,919207
4호선,413,쌍문,1007984,866769,1039186,1037304,1068539,979996,1016178,956509,937026,1033167,1010833,1035978
4호선,414,수유,1163237,1008590,1216217,1210457,1249218,1147329,1178680,1127376,1108840,1208379,1175636,1200902
4호선,415,미아,508326,441222,551164,557043,572002,520945,519356,490999,501059,550920,535105,537800
4호선,416,미아사거리,897433,781207,945307,956628,997659,914707,947555,906334,879155,973629,958114,993174
4호선,417,길음,675557,582225,773381,775762,797194,703292,699809,656273,698610,765357,748277,736995
4호선,418,성신여대입구,706498,621746,810028,791012,833898,739314,730445,702586,731105,789563,777087,782829
4호선,419,한성대입구,455325,394156,543868,550893,581615,498889,477009,453032,493755,550297,526865,511889
4호선,420,혜화,1271187,1061292,1304701,1267549,1374961,1238488,1270389,1248182,1184748,1335983,1347718,1421825
4호선,421,동대문(4),744939,636318,801359,784122,834260,751358,783264,715258,678600,805115,755280,769932
4호선,422,동대문역사문화공원(4),673520,599866,738043,707568,755535,689294,710888,707996,632296,737312,699080,741255
4호선,423,충무로(4),913851,763458,1024908,1053668,1038934,925428,932966,879784,918931,1036228,1019562,981591
4호선,424,명동,1093071,993507,1293901,1257147,1225300,1154532,1094170,1116863,1096741,1257230,1199011,1261856
4호선,425,회현,905784,765236,987300,995541,1015713,925035,944545,888221,835762,998656,941869,946556
4호선,426,서울역(4),412948,348765,430118,434071,430390,395835,420480,402845,386470,436699,428228,427515
4호선,427,숙대입구,469041,389742,549039,548645,556795,499939,478708,453712,488104,534490,525671,513665
4호선,428,삼각지(4),154066,127902,154430,157187,156474,147033,153723,144083,140735,159992,156736,159313
4호선,429,신용산,503796,435087,500197,503029,526953,482926,525780,495234,465490,527125,518884,537545
4호선,430,이촌,290619,256386,271629,284949,319345,283370,292170,302196,271499,325470,286102,306529
4호선,431,동작,80380,70956,88256,108763,113550,110108,91371,85571,90508,105951,89302,83640
4호선,432,이수(총신대입구),666423,565765,683825,686006,698548,645701,675428,637508,616830,691020,672389,689311
4호선,433,사당(4),899809,764812,948428,941611,967352,891321,913016,878670,850078,952189,931932,953338
4호선,434,남태령,48863,42400,54380,53837,55092,48552,47870,48508,46614,51881,50177,48878
5호선,2511,방화,222526,191185,234126,235595,243015,223910,234930,220291,216125,238124,230852,231247
5호선,2512,개화산,186684,157714,190273,193191,199015,180649,190495,178504,170510,186602,181718,182742
5호선,2513,김포공항(5),249697,226973,251986,246127,263186,247395,262406,268594,240614,267788,266976,277970
5호선,2514,송정,278604,240875,296086,298984,304822,277887,284094,270292,264559,254874,242725,242195
5호선,2515,마곡,205324,167019,204451,209384,217556,194735,210752,192287,188695,212291,210337,212935
5호선,2516,발산,524220,459802,576714,587803,598777,555689,575979,546264,530556,618144,611442,619927
5호선,2517,우장산,470680,401868,499208,507100,519207,470405,490223,462135,450973,502475,490545,491282
5호선,2518,화곡,914590,785378,949623,965606,988625,905318,948511,895234,862377,956961,930792,951582
5호선,2519,까치산(5),930369,797567,953785,968302,986074,906580,945154,897098,870823,964716,943007,961129
5호선,2520,신정,436728,366677,442690,421131,429909,390247,411224,385156,377029,424612,429741,438668
5호선,2521,목동,559335,474004,584948,601035,607752,553133,581829,546061,530872,595119,574227,574146
5호선,2522,오목교,755560,642295,750313,758173,769987,709229,755005,724224,686061,762795,764720,788323
5호선,2523,양평(5),206797,170446,205555,211897,210695,192440,210639,195417,188416,210246,208683,212966
5호선,2524,영등포구청(5),116648,96860,116536,121679,121638,110606,119298,110148,106332,121346,119241,119960
5호선,2525,영등포시장,304970,259190,313800,311970,321997,300891,311554,294796,281872,325021,314877,324649
5호선,2526,신길(5),101803,83441,101178,105203,106375,98425,105289,102304,97132,112193,108442,110344
5호선,2527,여의도(5),737552,588350,707271,798115,747281,670820,757477,690481,661851,775269,753286,747126
5호선,2528,여의나루,218852,202321,295685,591144,557770,372116,342176,404454,402480,469318,286718,246096
5호선,2529,마포,439984,362122,432583,452452,450076,409251,445727,416354,396463,457040,442509,456498
5호선,2530,공덕(5),427139,351803,430701,457420,452638,410992,447229,413456,396933,449135,443148,446624
5호선,2531,애오개,220943,184593,227126,234152,234336,215125,231534,216435,208691,230613,225849,226526
5호선,2532,충정로(5),134192,110999,141718,147516,148010,130396,141048,130369,129195,142693,139925,148390
5호선,2533,서대문,524019,432308,561575,585690,587199,526349,555901,530038,522780,601924,578739,574781
5호선,2534,광화문,1113521,912807,1090251,1108414,1115054,993074,1091593,1073976,986434,1231116,1122971,1211327
5호선,2535,종로3가(5),566708,483402,527398,503623,530985,482713,507756,502589,449534,530608,505120,540559
5호선,2536,을지로4가(5),160296,128136,152176,156367,156624,154882,164366,153881,148641,180465,172886,173733
5호선,2537,동대문역사문화공원(5),87171,70101,87855,88675,86511,78891,89337,84987,79210,85414,86274,89426
5호선,2538,청구(5),126217,107349,132458,134801,137646,124425,131781,121426,122789,136420,131202,129217
5호선,2539,신금호,196663,168283,208434,210275,217449,198863,205392,191845,189523,209604,205119,207028
5호선,2540,행당,263879,223859,272003,275679,280059,257824,270983,255953,249432,276265,271210,270872
5호선,2541,왕십리(5),162841,139209,164142,161091,165263,152586,161095,152588,142343,158443,156029,160939
5호선,2542,마장,194501,163965,201586,206823,206511,185337,188835,184630,185954,203169,199921,205814
5호선,2543,답십리,525316,446350,542264,543946,554219,510792,534871,496898,481896,538125,527752,534759
5호선,2544,장한평,579147,487735,586101,592371,602282,551703,594491,559937,534120,595534,582086,597715
5호선,2545,군자(5),341651,291805,358309,360547,366920,339426,353417,333527,320315,360143,353729,362952
5호선,2546,아차산,444601,387764,486061,501506,524931,464042,464461,444620,440940,501141,472921,478895
5호선,2547,광나루,437480,362516,463547,471616,481699,437881,442523,418383,412277,474983,464728,457669
5호선,2548,천호(5),626706,539914,640872,622833,655528,609972,632604,608286,567523,637642,624236,649373
5호선,2549,강동,612127,519771,633490,638637,654709,607819,654485,620148,594558,667384,656419,664395
5호선,2550,길동,233409,198286,237948,235476,244316,224632,238035,226042,216471,239746,234381,243190
5호선,2551,굽은다리,301289,257207,310846,313734,326675,300263,314385,294370,282988,311625,307095,314309
5호선,2552,명일,250022,210627,262621,260787,269087,244165,259940,256939,254489,287737,283152,288363
5호선,2553,고덕,288951,245714,307516,314364,325280,294791,310307,289618,280097,312389,308160,313184
5호선,2554,상일동,389466,323888,405030,416074,428371,386037,401389,370789,364077,448330,463925,478665
5호선,2555,둔촌동,272227,228176,284560,280795,291506,271425,277834,264022,257353,287250,280875,284179
5호선,2556,올림픽공원(5),143747,115573,158319,169959,183355,173324,159343,158859,151079,170450,164389,159375
5호선,2557,방이,232789,194557,236546,236993,240231,225329,234310,221602,213558,238104,236768,241882
5호선,2558,오금(5),109291,90834,118044,119135,121096,111500,116912,107921,106142,118775,116302,114030
5호선,2559,개롱,209706,177029,219646,223384,229055,212178,222600,208621,203505,226106,221013,222356
5호선,2560,거여,228551,193420,244915,247902,256212,234403,245586,234525,231494,256285,250718,254336
5호선,2561,마천,160568,138752,172048,173927,180679,167774,169398,159249,157510,174742,170548,170654
6호선,2611,응암,552602,473728,573737,585041,591886,545223,562343,530556,521540,584710,567047,572063
6호선,2612,역촌,123511,106046,127653,126778,130534,123134,131575,127007,118791,131214,124628,127733
6호선,2613,불광(6),167187,150098,173840,169075,173583,163273,171321,167929,152090,165115,159134,161893
6호선,2614,독바위,90025,76089,91537,92277,94314,87962,91472,88151,84981,93890,92475,92469
6호선,2616,구산,240011,206669,253985,256426,262989,242104,252851,236293,230872,257337,248030,249121
6호선,2617,새절,398067,344060,443202,461023,467526,424831,425009,402974,410506,460003,444653,439500
6호선,2618,증산,315068,272240,334181,340992,347045,320556,328475,313571,307062,341984,331384,335325
6호선,2619,디지털미디어시티(6),409410,340528,413701,423623,428273,390795,418925,394679,390853,446625,434469,427815
6호선,2620,월드컵경기장,161302,142566,223937,199181,253537,225152,219935,187777,213143,416938,234852,165119
6호선,2621,마포구청,449693,384146,467757,473850,484053,442025,464541,435806,429598,499624,468197,461265
6호선,2622,망원,441296,376728,454202,447922,461896,425373,442948,430839,417284,470519,451142,462689
6호선,2623,합정(6),480282,414541,496257,479317,499590,467181,481599,468669,440063,486788,457960,471302
6호선,2624,상수,315855,273529,346534,333793,355113,314146,317550,313306,310793,349823,339184,348285
6호선,2625,광흥창,291516,243975,298496,306646,295726,282495,301555,281957,271199,305599,299616,297230
6호선,2626,대흥,259680,216092,295651,301516,312561,276097,274956,251774,270442,299880,296773,284649
6호선,2627,공덕(6),566963,471976,573199,588102,585731,538671,579230,539670,523206,597619,582009,590337
6호선,2628,효창공원앞,217659,184114,236130,243024,244979,220140,223006,203499,207869,244693,231823,228511
6호선,2629,삼각지(6),203091,173410,219126,219910,233186,218217,212684,207718,201631,237929,225532,233969
6호선,2630,녹사평,177511,157894,203363,189225,199788,191242,189899,184127,175986,213582,186135,192789
6호선,2631,이태원,485062,432383,519153,484233,514240,496584,475123,495650,456757,588704,487629,535471
6호선,2632,한강진,267026,224810,279243,274178,283175,264014,265952,278618,247905,278581,276396,283467
6호선,2633,버티고개,73670,62605,78933,79650,81283,73601,74904,70581,71181,79304,77498,77038
6호선,2634,약수(6),119899,99616,122787,124101,125679,114417,121718,116076,111473,124966,122371,123329
6호선,2635,청구(6),114187,96926,118810,120114,122460,113309,120679,111661,109493,123874,118230,117375
6호선,2636,신당(6),274694,224605,292401,288899,291461,268589,269419,253747,248818,285943,283826,299392
6호선,2637,동묘앞(6),287334,264252,315390,303331,317067,287697,283024,271419,271941,316447,298969,302094
6호선,2638,창신,108704,92099,120307,123859,124822,112495,114066,106355,110291,121207,119333,115905
6호선,2639,보문,229829,197781,246253,245144,255416,232206,240517,224098,225587,250469,243999,242098
6호선,2640,안암,355325,303700,494473,462958,492853,407527,384626,359068,434518,455583,465184,432814
6호선,2641,고려대,268343,227889,316511,323992,340813,290840,281113,261471,297401,327645,319340,305882
6호선,2642,월곡,377865,318176,425799,424443,432373,377897,374864,356780,386029,424006,413947,406826
6호선,2643,상월곡,190691,164477,211691,215038,224577,201661,201427,192248,200509,220218,215417,211743
6호선,2644,돌곶이,253382,214234,272501,278028,286819,259214,269983,261921,258691,288335,284577,286759
6호선,2645,석계(6),396591,341525,429214,430780,445680,401285,407253,390282,393310,432666,425747,422189
6호선,2646,태릉입구(6),167783,143343,181447,182369,213444,174223,175175,166691,166508,186493,182515,181174
6호선,2647,화랑대,373247,315273,420758,427824,447541,390718,392648,367469,390616,437711,427045,409725
6호선,2648,봉화산,310801,263339,319970,325611,333417,304669,318402,301388,295338,329328,322676,322643
7호선,2711,장암,69584,58874,74040,78263,83574,77310,80725,80933,76384,85443,81435,76622
7호선,2712,도봉산(7),270778,231882,301185,319567,335249,298328,290520,279239,293396,327018,309285,291302
7호선,2713,수락산,416688,362460,442996,439977,457439,423781,429501,416829,396306,434213,421266,427076
7호선,2714,마들,370476,318896,383181,391816,405016,366422,382644,364893,358975,394242,387335,385709
7호선,2715,노원(7),663383,576684,671654,659558,695519,634981,673811,650257,605610,660984,653312,677263
7호선,2716,중계,478340,407961,504355,522411,536569,481753,502755,468941,468878,521179,509343,501280
7호선,2717,하계,591459,509345,628398,637647,657962,586906,607786,576691,574334,633544,632250,625246
7호선,2718,공릉,376192,328236,434896,427908,451707,391106,397212,367792,385913,423732,427468,408061
7호선,2719,태릉입구(7),257033,222920,301615,304962,358726,285143,272727,261816,279388,308975,300551,288665
7호선,2720,먹골,332625,285531,337678,338657,361030,319723,326647,312267,303233,340449,333798,337227
7호선,2721,중화,355215,305716,367180,373093,399985,350283,360876,345001,339021,372003,361129,363529
7호선,2722,상봉(7),537245,467105,556971,550861,569726,527627,548483,523729,503347,560130,551442,564692
7호선,2723,면목,472772,410704,530032,541805,551385,492083,487514,473427,485074,536527,519323,504898
7호선,2724,사가정,491030,427548,517317,520591,537396,489534,501115,475873,465913,515277,498092,507391
7호선,2725,용마산,193254,165799,202161,204396,210694,191255,198331,185783,181665,203185,194480,195159
7호선,2726,중곡,311843,267838,325326,327652,336359,311497,326555,303872,301727,337958,329891,327895
7호선,2727,군자(7),467494,395912,476368,478118,485267,449742,473953,450371,429546,476130,466891,478098
7호선,2728,어린이대공원,388110,337775,541081,589171,619872,475966,396217,393546,482226,544394,525462,487472
7호선,2729,건대입구(7),494491,427632,544283,520335,544550,493188,496498,480187,468233,506481,518145,526626
7호선,2730,뚝섬유원지,221646,197157,253751,321817,428270,318229,293621,316111,317221,347255,245726,228937
7호선,2731,청담,609896,502932,607047,623162,628303,572905,616279,570831,544289,619874,617312,609512
7호선,2732,강남구청,464977,380213,463072,469907,475951,437689,470410,438880,418951,474885,475209,470032
7호선,2733,학동,666843,532712,643657,659909,659841,601459,665244,618418,593648,673769,674008,665043
7호선,2734,논현,605635,490224,582249,593976,600605,553456,613661,567346,533428,593949,590898,596292
7호선,2735,반포,197733,170380,208106,210719,220659,202558,208484,199469,193922,213425,209860,208761
7호선,2736,고속터미널(7),654755,606718,651118,643848,676534,626028,645032,654634,630554,690940,679917,679479
7호선,2737,내방,436289,358946,436516,448046,456746,411195,441723,408294,396600,445251,434657,436862
7호선,2738,이수(7),527381,446677,534283,530730,548209,514814,542919,511016,485352,539831,536216,550313
7호선,2739,남성,361400,306242,380311,382133,390307,356446,369918,350650,344729,379275,373489,368248
7호선,2740,숭실대입구,414768,344211,542214,546106,552125,455269,413832,389864,480984,518148,519159,470763
7호선,2741,상도,332324,284585,390827,391312,407624,363581,360399,339043,358710,393197,398936,376530
7호선,2742,장승배기,341929,291451,349140,351127,356063,328956,346336,329530,317390,346638,339667,345331
7호선,2743,신대방삼거리,522442,442031,537991,546524,554102,509387,534889,503242,492340,542868,534117,534683
7호선,2744,보라매,291368,245411,305735,315042,324345,292485,305639,283937,275033,311343,307824,308058
7호선,2745,신풍,360803,308491,378633,382547,393707,364715,375510,355773,348774,385314,376701,379218
7호선,2746,대림(7),329089,301631,348971,335348,343873,313481,323952,317712,320014,326853,315741,327771
7호선,2747,남구로,502548,422897,505510,511588,512823,472426,506516,469812,464149,497612,491944,495621
7호선,2748,가산디지털단지(7),1285736,1049287,1226964,1261009,1255777,1132392,1279936,1154046,1113952,1232287,1237493,1218311
7호선,2749,철산,734272,632037,762344,770400,791470,720061,750769,707115,682412,753146,739505,752870
7호선,2750,광명사거리,816506,708968,843810,846422,860406,790061,812571,770949,751444,818984,795575,805281
7호선,2751,천왕,276507,237346,291567,303516,315852,292217,310448,292101,290974,322876,316436,318176
7호선,2752,온수(7),308963,263123,353093,367154,365746,328362,331290,305976,322834,352792,345413,336641
7호선,2753,까치울,222388,191607,238764,255910,261887,238874,239749,224514,221534,250719,237331,238359
7호선,2754,부천종합운동장,150462,129404,161591,211293,170712,153309,156147,146717,146830,161699,154069,152577
7호선,2755,춘의,281872,238208,280848,294427,293397,271978,286900,268039,258970,284460,277809,277954
7호선,2756,신중동,459445,391801,465000,472593,483591,441537,464643,438493,420682,468450,458120,473593
7호선,2757,부천시청,394871,344161,400593,399355,415863,389467,414232,390208,370358,409413,401759,412453
7호선,2758,상동,455368,392804,466849,465251,472281,436834,456352,434806,413540,462707,456875,467658
7호선,2759,삼산체육관,163464,138561,168756,184667,182355,166531,177909,169006,157045,180753,171545,174288
7호선,2760,굴포천,287677,247294,292179,293838,301033,279606,290894,277565,268634,296488,293343,299094
7호선,2761,부평구청(7),363409,306881,373447,383582,388669,355939,375194,353459,345232,385919,378129,379965
8호선,2811,암사,581667,493291,589247,598002,607394,559905,588871,554452,538374,604347,580940,591659
8호선,2812,천호(8),578596,494072,586685,583897,592480,546333,569368,542837,515792,571064,560459,576269
8호선,2813,강동구청,331810,275428,327182,330604,337874,311036,333655,308141,297390,332753,327844,341464
8호선,2814,몽촌토성,194089,160097,194863,204038,235073,183639,179605,167507,175268,198252,184494,178576
8호선,2815,잠실(8),491523,437718,496705,523264,505235,466922,504106,495949,445942,494165,499615,552024
8호선,2816,석촌(8),254235,213254,253004,264809,263919,237194,252642,238972,224449,251426,248364,255178
8호선,2817,송파,188445,188594,275759,302864,321058,296630,311708,287694,281341,308906,304531,309851
8호선,2818,가락시장(8),254503,208527,249526,249194,249725,231684,242922,228939,226897,253246,256465,269082
8호선,2819,문정,583939,472885,570768,594764,588568,539987,601465,544250,521699,587173,587897,589836
8호선,2820,장지,581866,498986,602314,598510,617663,570250,595869,553199,532308,590341,592310,609868
8호선,2821,복정(8),342389,284818,380188,388968,387341,349514,345361,325346,336677,374745,369385,356352
8호선,2822,산성,170870,146671,188713,192404,197733,182816,179789,174804,172250,193223,184701,177466
8호선,2823,남한산성입구,415681,353119,469094,480970,491475,430978,425744,400523,429062,479783,466039,448465
8호선,2824,단대오거리,333332,285573,365127,369788,382502,334260,334524,315394,326830,363439,349683,346749
8호선,2825,신흥,146978,127152,150033,150148,158554,147999,155853,149462,138312,153141,151863,159262
8호선,2826,수진,172672,147491,176598,175461,185556,172482,180182,173553,166423,188787,183154,187815
8호선,2827,모란(8),148875,124305,156572,158580,165246,148523,150151,145958,140929,167216,155545,159594
9호선,4126,언주,280003,227141,264314,270575,266195,251678,288332,274182,248054,281535,284526,293064
9호선,4127,선정릉,249093,206396,248595,257810,258673,238578,267731,250409,235811,270075,271019,271316
9호선,4128,삼성중앙,174046,142183,170907,176694,176182,161976,183960,176160,164184,183193,186772,189760
9호선,4129,봉은사,504813,428288,524278,532717,571409,515437,602990,565755,481842,565321,589974,667976
9호선,4130,종합운동장(9),140158,119599,151586,146628,156786,139616,149707,143775,127804,152718,146652,154157
9호선,4131,삼전,142940,126960,156203,156724,164775,156635,170625,169739,162059,178882,178536,186595
9호선,4132,석촌고분,124145,111835,138297,142973,149357,140388,154362,150734,141439,157476,159519,166829
9호선,4133,석촌(9),158663,144786,182017,200991,209873,195038,210740,206789,196126,225999,224392,229061
9호선,4134,송파나루,98671,88355,108543,115185,117178,108491,120381,119358,108487,122350,124785,135150
9호선,4135,한성백제,56374,48386,59066,63609,75589,63651,67246,67532,70670,80304,77160,76876
9호선,4136,올림픽공원(9),169608,141431,202411,206107,242493,241389,243384,242909,207484,248946,248592,264822
9호선,4137,둔촌오륜,22129,20580,29271,30522,30628,29461,30784,28890,30552,32963,33387,32703
9호선,4138,중앙보훈병원,183771,160420,196491,213102,222625,210157,233476,232024,229366,269150,264384,269686
